scenario_id,template_no,altitude_km,inclination_deg,raan_deg,scenario_date,duration_h,step_s,environment_family_id,power_file,area_file,beta_file,environment_file,lighting_file,access_file,aligned_rows,power_duplicate_rows_removed,area_duplicate_rows_removed,beta_duplicate_rows_removed,environment_parse_status,position_coverage_ratio,orbit_period_s_estimate,solar_power_mean_w,solar_power_max_w,eclipse_ratio,access_ratio,scenario_load_scale,soc_min,soc_max,mean_orbit_dod,temperature_min_c,temperature_max_c,efc_72h,safe_mode_points,scenario_quality_flags
T001_h550_i053_raan000_20260115_d72h_s30,1,550,53,0,20260115,72,30,h550_i053_raan000,LEO_BatterySat_Solar_Panel_Power.csv,LEO_BatterySat_Solar_Panel_Area.csv,LEO_BatterySat_Beta_Angle.csv,,LEO_BatterySat_Lighting_Times.csv,access_intervals_550km_i53_raan000.csv,8641,8641,8641,0,MISSING_ENV_POSITION_FILLED_NOMINAL,0.0,5730.0,547.6403122323807,889.849,0.3566716815183428,0.019326466844115264,1.05,0.6667409355242603,0.95,0.2571604995579852,19.872793595250112,22.036330735022453,12.15264654083073,0,SOLAR_POWER_DUPLICATES_REMOVED|SOLAR_AREA_DUPLICATES_REMOVED|ENV_POSITION_FILE_MISSING
T002_h550_i053_raan090_20260115_d72h_s30,2,550,53,90,20260115,72,30,h550_i053_raan090,LEO_BatterySat_Solar_Panel_Power.csv,LEO_BatterySat_Solar_Panel_Area.csv,LEO_BatterySat_Beta_Angle.csv,LEO_BatterySat_Battery_Environment_TimeSeries.csv,LEO_BatterySat_Lighting_Times.csv,Satellite-LEO_BatterySat-To-Facility-Shanghai_GroundStation_Access.csv,8641,8641,8641,0,STANDARD_COMBINED,1.0,5730.0,570.1693302858465,928.375,0.3603749566022451,0.019442194190487212,1.05,0.6641806894510528,0.95,0.2627800544325853,19.849440211899317,22.149122315907885,12.200267796240784,0,SOLAR_POWER_DUPLICATES_REMOVED|SOLAR_AREA_DUPLICATES_REMOVED
T003_h550_i053_raan180_20260115_d72h_s30,3,550,53,180,20260115,72,30,h550_i053_raan180,LEO_BatterySat_Solar_Panel_Power.csv,LEO_BatterySat_Solar_Panel_Area.csv,LEO_BatterySat_Beta_Angle.csv,LEO_BatterySat_Battery_Environment_TimeSeries.csv,LEO_BatterySat_Lighting_Times.csv,Satellite-LEO_BatterySat-To-Facility-Shanghai_GroundStation_Access.csv,8641,8641,8641,0,STANDARD_COMBINED,1.0,5760.0,372.3293256567527,622.644,0.24892952204605948,0.017937738687651892,0.9178877700424782,0.7598279344682949,0.95,0.15227234337073514,19.9515187990336,23.584158320002956,7.18669443522788,0,SOLAR_POWER_DUPLICATES_REMOVED|SOLAR_AREA_DUPLICATES_REMOVED
T004_h550_i053_raan000_20260415_d72h_s30,4,550,53,0,20260415,72,30,h550_i053_raan000,LEO_BatterySat_Solar_Panel_Power.csv,LEO_BatterySat_Solar_Panel_Area.csv,LEO_BatterySat_Beta_Angle.csv,LEO_BatterySat_Battery_Environment_TimeSeries.csv,LEO_BatterySat_Lighting_Times.csv,Satellite-LEO_BatterySat-To-Facility-Shanghai_GroundStation_Access.csv,8641,8641,8641,0,STANDARD_COMBINED,1.0,5730.0,545.2538899432936,887.855,0.36118504802684875,0.021641013771554217,1.05,0.6704665419179411,0.95,0.2612434259184244,19.611635701244836,21.88176194782531,12.216132328508666,0,SOLAR_POWER_DUPLICATES_REMOVED|SOLAR_AREA_DUPLICATES_REMOVED
T005_h550_i053_raan090_20260415_d72h_s30,5,550,53,90,20260415,72,30,h550_i053_raan090,LEO_BatterySat_Solar_Panel_Power.csv,LEO_BatterySat_Solar_Panel_Area.csv,LEO_BatterySat_Beta_Angle.csv,LEO_BatterySat_Battery_Environment_TimeSeries.csv,LEO_BatterySat_Lighting_Times.csv,Satellite-LEO_BatterySat-To-Facility-Shanghai_GroundStation_Access.csv,8641,8641,8641,0,STANDARD_COMBINED,1.0,5760.0,386.72200254600165,630.116,0.2797129961809976,0.019326466844115264,0.9308298004862717,0.740330773897196,0.95,0.17676765932569333,20.0,23.094599909637278,8.369118848649048,0,SOLAR_POWER_DUPLICATES_REMOVED|SOLAR_AREA_DUPLICATES_REMOVED
T006_h550_i053_raan180_20260415_d72h_s30,6,550,53,180,20260415,72,30,h550_i053_raan180,LEO_BatterySat_Solar_Panel_Power.csv,LEO_BatterySat_Solar_Panel_Area.csv,LEO_BatterySat_Beta_Angle.csv,LEO_BatterySat_Battery_Environment_TimeSeries.csv,LEO_BatterySat_Lighting_Times.csv,Satellite-LEO_BatterySat-To-Facility-Shanghai_GroundStation_Access.csv,8641,8641,8641,0,STANDARD_COMBINED,1.0,5730.0,311.6192559888902,482.737,0.20391158430737183,0.01863210276588358,0.7942453202626026,0.7735765271961794,0.95,0.10967755409552452,20.0,24.08136950413766,5.183106895904125,0,SOLAR_POWER_DUPLICATES_REMOVED|SOLAR_AREA_DUPLICATES_REMOVED
T007_h550_i053_raan000_20260701_d72h_s30,7,550,53,0,20260701,72,30,h550_i053_raan000,solar_panel_power_550km_i53_raan000.csv,solar_panel_area_550km_i53_raan000_20260701.csv,beta_angle_550km_i53_raan000_20260701.csv,LEO_BatterySat_Battery_Environment_TimeSeries.csv,lighting_intervals_550km_i53_raan000.csv,access_intervals_550km_i53_raan000.csv,8641,8641,8641,0,STANDARD_COMBINED,1.0,5730.0,496.6957163522741,798.225,0.3519268603170929,0.01955792153685916,1.05,0.690134707734914,0.95,0.25315595146663983,19.949555409053485,22.06918964066514,11.789590447837584,0,SOLAR_POWER_DUPLICATES_REMOVED|SOLAR_AREA_DUPLICATES_REMOVED
T008_h550_i053_raan090_20260715_d72h_s30,8,550,53,90,20260715,72,30,h550_i053_raan090,LEO_BatterySat_Solar_Panel_Power.csv,LEO_BatterySat_Solar_Panel_Area.csv,LEO_BatterySat_Beta_Angle.csv,LEO_BatterySat_Battery_Environment_TimeSeries.csv,LEO_BatterySat_Lighting_Times.csv,Satellite-LEO_BatterySat-To-Facility-Shanghai_GroundStation_Access.csv,8641,8641,8641,0,STANDARD_COMBINED,1.0,5730.0,481.9718335840759,770.75,0.3476449485013309,0.01955792153685916,1.05,0.6921428925810811,0.95,0.24851994140054096,19.872456605732793,22.10047562180452,11.614606225023774,0,SOLAR_POWER_DUPLICATES_REMOVED|SOLAR_AREA_DUPLICATES_REMOVED
T009_h550_i053_raan180_20260715_d72h_s30,9,550,53,180,20260715,72,30,h550_i053_raan180,LEO_BatterySat_Solar_Panel_Power.csv,LEO_BatterySat_Solar_Panel_Area.csv,LEO_BatterySat_Beta_Angle.csv,LEO_BatterySat_Battery_Environment_TimeSeries.csv,LEO_BatterySat_Lighting_Times.csv,Satellite-LEO_BatterySat-To-Facility-Shanghai_GroundStation_Access.csv,8641,8641,8641,0,STANDARD_COMBINED,1.0,5730.0,539.1921881726652,881.608,0.3683601435019095,0.019210739497743316,1.05,0.6767715377864073,0.95,0.2635934131192716,19.44621523322742,21.335327618045167,12.32440360305647,0,SOLAR_POWER_DUPLICATES_REMOVED|SOLAR_AREA_DUPLICATES_REMOVED
T010_h550_i053_raan000_20261015_d72h_s30,10,550,53,0,20261015,72,30,h550_i053_raan000,LEO_BatterySat_Solar_Panel_Power.csv,LEO_BatterySat_Solar_Panel_Area.csv,LEO_BatterySat_Beta_Angle.csv,LEO_BatterySat_Battery_Environment_TimeSeries.csv,LEO_BatterySat_Lighting_Times.csv,Satellite-LEO_BatterySat-To-Facility-Shanghai_GroundStation_Access.csv,8641,8641,8641,0,STANDARD_COMBINED,1.0,5730.0,505.7184896424026,832.608,0.3453304015738919,0.018400648073139684,1.05,0.6746314167448844,0.95,0.25157790587858403,20.0,22.624004951192404,11.728853995152798,0,SOLAR_POWER_DUPLICATES_REMOVED|SOLAR_AREA_DUPLICATES_REMOVED
T011_h550_i053_raan090_20261015_d72h_s30,11,550,53,90,20261015,72,30,h550_i053_raan090,LEO_BatterySat_Solar_Panel_Power.csv,LEO_BatterySat_Solar_Panel_Area.csv,LEO_BatterySat_Beta_Angle.csv,LEO_BatterySat_Battery_Environment_TimeSeries.csv,LEO_BatterySat_Lighting_Times.csv,Satellite-LEO_BatterySat-To-Facility-Shanghai_GroundStation_Access.csv,8641,8641,8641,0,STANDARD_COMBINED,1.0,5730.0,538.0459765073487,878.075,0.35701886355745865,0.019326466844115264,1.05,0.6666937486372909,0.95,0.25775769050487257,19.77035972350019,22.0922118702026,12.155941121980494,0,SOLAR_POWER_DUPLICATES_REMOVED|SOLAR_AREA_DUPLICATES_REMOVED
T012_h550_i053_raan180_20261015_d72h_s30,12,550,53,180,20261015,72,30,h550_i053_raan180,LEO_BatterySat_Solar_Panel_Power.csv,LEO_BatterySat_Solar_Panel_Area.csv,LEO_BatterySat_Beta_Angle.csv,LEO_BatterySat_Battery_Environment_TimeSeries.csv,LEO_BatterySat_Lighting_Times.csv,Satellite-LEO_BatterySat-To-Facility-Shanghai_GroundStation_Access.csv,8641,8641,8641,0,STANDARD_COMBINED,1.0,5730.0,569.8830137715541,917.185,0.3654669598426108,0.017937738687651892,1.05,0.6602039785330754,0.95,0.2647961336558257,19.585184273722597,21.61396414628018,12.450726406434567,0,SOLAR_POWER_DUPLICATES_REMOVED|SOLAR_AREA_DUPLICATES_REMOVED
T013_h500_i070_raan000_20260115_d72h_s30,13,500,70,0,20260115,72,30,h500_i070_raan000,LEO_BatterySat_Solar_Panel_Power.csv,LEO_BatterySat_Solar_Panel_Area.csv,LEO_BatterySat_Beta_Angle.csv,LEO_BatterySat_Battery_Environment_TimeSeries.csv,LEO_BatterySat_Lighting_Times.csv,Satellite-LEO_BatterySat-To-Facility-Shanghai_GroundStation_Access.csv,8641,8641,8641,0,CONCATENATED_BLOCKS_RECONSTRUCTED,1.0,5700.0,472.83689746557104,777.999,0.34139567179724567,0.01145700729082282,1.05,0.6872916920780453,0.95,0.24469403531849396,20.0,22.530403190311738,11.46184601468578,0,SOLAR_POWER_DUPLICATES_REMOVED|SOLAR_AREA_DUPLICATES_REMOVED|ENV_CONCATENATED_BLOCKS_RECONSTRUCTED
T014_h500_i070_raan090_20260115_d72h_s30,14,500,70,90,20260115,72,30,h500_i070_raan090,LEO_BatterySat_Solar_Panel_Power.csv,LEO_BatterySat_Solar_Panel_Area.csv,LEO_BatterySat_Beta_Angle.csv,LEO_BatterySat_Battery_Environment_TimeSeries.csv,LEO_BatterySat_Lighting_Times.csv,Satellite-LEO_BatterySat-To-Facility-Shanghai_GroundStation_Access.csv,8641,8641,8641,0,CONCATENATED_BLOCKS_RECONSTRUCTED,1.0,5670.0,551.6861568105544,910.899,0.3668556879990742,0.01053118851984724,1.05,0.6529911959471887,0.95,0.2652540673779899,19.49491136986882,21.758147653462448,12.416727851213912,0,SOLAR_POWER_DUPLICATES_REMOVED|SOLAR_AREA_DUPLICATES_REMOVED|ENV_CONCATENATED_BLOCKS_RECONSTRUCTED
T015_h500_i070_raan180_20260115_d72h_s30,15,500,70,180,20260115,72,30,h500_i070_raan180,LEO_BatterySat_Solar_Panel_Power.csv,LEO_BatterySat_Solar_Panel_Area.csv,LEO_BatterySat_Beta_Angle.csv,LEO_BatterySat_Battery_Environment_TimeSeries.csv,LEO_BatterySat_Lighting_Times.csv,Satellite-LEO_BatterySat-To-Facility-Shanghai_GroundStation_Access.csv,8641,8641,8641,0,CONCATENATED_BLOCKS_RECONSTRUCTED,1.0,5700.0,345.029911121398,557.126,0.22219650503413957,0.011804189329938665,0.8698794387430535,0.7811992085219056,0.95,0.13210368030954373,19.825917937777522,23.794501185612724,6.172507258527332,0,SOLAR_POWER_DUPLICATES_REMOVED|SOLAR_AREA_DUPLICATES_REMOVED|ENV_CONCATENATED_BLOCKS_RECONSTRUCTED
T016_h500_i070_raan000_20260415_d72h_s30,16,500,70,0,20260415,72,30,h500_i070_raan000,LEO_BatterySat_Solar_Panel_Power.csv,LEO_BatterySat_Solar_Panel_Area.csv,LEO_BatterySat_Beta_Angle.csv,LEO_BatterySat_Battery_Environment_TimeSeries.csv,LEO_BatterySat_Lighting_Times.csv,Satellite-LEO_BatterySat-To-Facility-Shanghai_GroundStation_Access.csv,8641,8641,8641,0,CONCATENATED_BLOCKS_RECONSTRUCTED,1.0,5670.0,526.4109755815299,866.173,0.3636153223006596,0.01643328318481657,1.05,0.6718299525768625,0.95,0.2610502885427199,19.716686085586783,22.122810844401,12.255450490051391,0,SOLAR_POWER_DUPLICATES_REMOVED|SOLAR_AREA_DUPLICATES_REMOVED|ENV_CONCATENATED_BLOCKS_RECONSTRUCTED
T017_h500_i070_raan090_20260415_d72h_s30,17,500,70,90,20260415,72,30,h500_i070_raan090,LEO_BatterySat_Solar_Panel_Power.csv,LEO_BatterySat_Solar_Panel_Area.csv,LEO_BatterySat_Beta_Angle.csv,LEO_BatterySat_Battery_Environment_TimeSeries.csv,LEO_BatterySat_Lighting_Times.csv,Satellite-LEO_BatterySat-To-Facility-Shanghai_GroundStation_Access.csv,8641,8641,8641,0,CONCATENATED_BLOCKS_RECONSTRUCTED,1.0,5700.0,311.91242900127304,501.216,0.21166531651429232,0.012845735447286193,0.7921150741329622,0.8060870272649948,0.95,0.1126969024765629,20.0,24.031404797195528,5.288283827334786,0,SOLAR_POWER_DUPLICATES_REMOVED|SOLAR_AREA_DUPLICATES_REMOVED|ENV_CONCATENATED_BLOCKS_RECONSTRUCTED
T018_h500_i070_raan180_20260415_d72h_s30,18,500,70,180,20260415,72,30,h500_i070_raan180,LEO_BatterySat_Solar_Panel_Power.csv,LEO_BatterySat_Solar_Panel_Area.csv,LEO_BatterySat_Beta_Angle.csv,LEO_BatterySat_Battery_Environment_TimeSeries.csv,LEO_BatterySat_Lighting_Times.csv,Satellite-LEO_BatterySat-To-Facility-Shanghai_GroundStation_Access.csv,8641,8641,8641,0,CONCATENATED_BLOCKS_RECONSTRUCTED,1.0,5670.0,503.58165582687184,829.977,0.35169540562434903,0.01053118851984724,1.05,0.6721641247849978,0.95,0.2535821893637266,19.66116847348023,22.189798154959398,11.899236562433568,0,SOLAR_POWER_DUPLICATES_REMOVED|SOLAR_AREA_DUPLICATES_REMOVED|ENV_CONCATENATED_BLOCKS_RECONSTRUCTED
T019_h500_i070_raan000_20260715_d72h_s30,19,500,70,0,20260715,72,30,h500_i070_raan000,LEO_BatterySat_Solar_Panel_Power.csv,LEO_BatterySat_Solar_Panel_Area.csv,LEO_BatterySat_Beta_Angle.csv,LEO_BatterySat_Battery_Environment_TimeSeries.csv,LEO_BatterySat_Lighting_Times.csv,Satellite-LEO_BatterySat-To-Facility-Shanghai_GroundStation_Access.csv,8641,8641,8641,0,CONCATENATED_BLOCKS_RECONSTRUCTED,1.0,5700.0,441.67296169424833,715.884,0.331790302048374,0.010415461173475292,1.02860581609907,0.7091521195561356,0.95,0.23511084656892836,19.98791372329921,22.518596235534485,10.930504104418315,0,SOLAR_POWER_DUPLICATES_REMOVED|SOLAR_AREA_DUPLICATES_REMOVED|ENV_CONCATENATED_BLOCKS_RECONSTRUCTED
T020_h500_i070_raan090_20260715_d72h_s30,20,500,70,90,20260715,72,30,h500_i070_raan090,LEO_BatterySat_Solar_Panel_Power.csv,LEO_BatterySat_Solar_Panel_Area.csv,LEO_BatterySat_Beta_Angle.csv,LEO_BatterySat_Battery_Environment_TimeSeries.csv,LEO_BatterySat_Lighting_Times.csv,Satellite-LEO_BatterySat-To-Facility-Shanghai_GroundStation_Access.csv,8641,8641,8641,0,CONCATENATED_BLOCKS_RECONSTRUCTED,1.0,5670.0,524.1109523203334,861.017,0.36755005207730584,0.01643328318481657,1.05,0.673064664968869,0.95,0.263923017638103,19.59525768402095,21.804938860399616,12.36283108173496,0,SOLAR_POWER_DUPLICATES_REMOVED|SOLAR_AREA_DUPLICATES_REMOVED|ENV_CONCATENATED_BLOCKS_RECONSTRUCTED
T021_h500_i070_raan180_20260715_d72h_s30,21,500,70,180,20260715,72,30,h500_i070_raan180,LEO_BatterySat_Solar_Panel_Power.csv,LEO_BatterySat_Solar_Panel_Area.csv,LEO_BatterySat_Beta_Angle.csv,LEO_BatterySat_Battery_Environment_TimeSeries.csv,LEO_BatterySat_Lighting_Times.csv,Satellite-LEO_BatterySat-To-Facility-Shanghai_GroundStation_Access.csv,8641,8641,8641,0,STANDARD_COMBINED,1.0,5700.0,306.5709394745978,488.593,0.19095012151371368,0.012961462793658141,0.7915660033017218,0.8134663632051674,0.95,0.10101865287531774,20.0,24.46089149807021,4.749223752690205,0,SOLAR_POWER_DUPLICATES_REMOVED|SOLAR_AREA_DUPLICATES_REMOVED
T022_h500_i070_raan000_20261015_d72h_s30,22,500,70,0,20261015,72,30,h500_i070_raan000,LEO_BatterySat_Solar_Panel_Power.csv,LEO_BatterySat_Solar_Panel_Area.csv,LEO_BatterySat_Beta_Angle.csv,LEO_BatterySat_Battery_Environment_TimeSeries.csv,LEO_BatterySat_Lighting_Times.csv,Satellite-LEO_BatterySat-To-Facility-Shanghai_GroundStation_Access.csv,8641,8641,8641,0,CONCATENATED_BLOCKS_RECONSTRUCTED,1.0,5670.0,540.8477246846429,886.518,0.3658141418817267,0.010415461173475292,1.05,0.6642452266268078,0.95,0.26403637380217926,19.539505988302057,21.738676849160484,12.383273857410192,0,SOLAR_POWER_DUPLICATES_REMOVED|SOLAR_AREA_DUPLICATES_REMOVED|ENV_CONCATENATED_BLOCKS_RECONSTRUCTED
T023_h500_i070_raan090_20261015_d72h_s30,23,500,70,90,20261015,72,30,h500_i070_raan090,LEO_BatterySat_Solar_Panel_Power.csv,LEO_BatterySat_Solar_Panel_Area.csv,LEO_BatterySat_Beta_Angle.csv,LEO_BatterySat_Battery_Environment_TimeSeries.csv,LEO_BatterySat_Lighting_Times.csv,Satellite-LEO_BatterySat-To-Facility-Shanghai_GroundStation_Access.csv,8641,8641,8641,0,CONCATENATED_BLOCKS_RECONSTRUCTED,1.0,5700.0,297.9746647378775,464.437,0.16988774447401922,0.01053118851984724,0.7829968581112203,0.8257116991899053,0.95,0.09237708805360638,20.0,24.483358200726713,4.235245214008847,0,SOLAR_POWER_DUPLICATES_REMOVED|SOLAR_AREA_DUPLICATES_REMOVED|ENV_CONCATENATED_BLOCKS_RECONSTRUCTED
T024_h500_i070_raan180_20261015_d72h_s30,24,500,70,180,20261015,72,30,h500_i070_raan180,LEO_BatterySat_Solar_Panel_Power.csv,LEO_BatterySat_Solar_Panel_Area.csv,LEO_BatterySat_Beta_Angle.csv,LEO_BatterySat_Battery_Environment_TimeSeries.csv,LEO_BatterySat_Lighting_Times.csv,Satellite-LEO_BatterySat-To-Facility-Shanghai_GroundStation_Access.csv,8641,8641,8641,0,STANDARD_COMBINED,1.0,5670.0,520.8990105311884,860.751,0.3593334104848976,0.016201828492072676,1.05,0.6757428462388625,0.95,0.2579255828570784,19.829739642779167,22.372141387610682,12.09170109305451,0,SOLAR_POWER_DUPLICATES_REMOVED|SOLAR_AREA_DUPLICATES_REMOVED
