scenario_id,template_no,altitude_km,inclination_deg,raan_deg,scenario_date,environment_family_id,power_file,area_file,beta_file,environment_file,lighting_file,access_file,environment_parse_status,scenario_quality_flags,split,external_data_file,stk_report_dir
T001_h550_i053_raan000_20260115_d72h_s30,1,550,53,0,20260115,h550_i053_raan000,LEO_BatterySat_Solar_Panel_Power.csv,LEO_BatterySat_Solar_Panel_Area.csv,LEO_BatterySat_Beta_Angle.csv,,LEO_BatterySat_Lighting_Times.csv,access_intervals_550km_i53_raan000.csv,MISSING_ENV_POSITION_FILLED_NOMINAL,SOLAR_POWER_DUPLICATES_REMOVED|SOLAR_AREA_DUPLICATES_REMOVED|ENV_POSITION_FILE_MISSING,target_train,T001_h550_i053_raan000_20260115_d72h_s30_Battery_ExternalData.csv,data/stk_report/T001_h550_i053_raan000_20260115_d72h_s30
T002_h550_i053_raan090_20260115_d72h_s30,2,550,53,90,20260115,h550_i053_raan090,LEO_BatterySat_Solar_Panel_Power.csv,LEO_BatterySat_Solar_Panel_Area.csv,LEO_BatterySat_Beta_Angle.csv,LEO_BatterySat_Battery_Environment_TimeSeries.csv,LEO_BatterySat_Lighting_Times.csv,Satellite-LEO_BatterySat-To-Facility-Shanghai_GroundStation_Access.csv,STANDARD_COMBINED,SOLAR_POWER_DUPLICATES_REMOVED|SOLAR_AREA_DUPLICATES_REMOVED,target_calibration,T002_h550_i053_raan090_20260115_d72h_s30_Battery_ExternalData.csv,data/stk_report/T002_h550_i053_raan090_20260115_d72h_s30
T003_h550_i053_raan180_20260115_d72h_s30,3,550,53,180,20260115,h550_i053_raan180,LEO_BatterySat_Solar_Panel_Power.csv,LEO_BatterySat_Solar_Panel_Area.csv,LEO_BatterySat_Beta_Angle.csv,LEO_BatterySat_Battery_Environment_TimeSeries.csv,LEO_BatterySat_Lighting_Times.csv,Satellite-LEO_BatterySat-To-Facility-Shanghai_GroundStation_Access.csv,STANDARD_COMBINED,SOLAR_POWER_DUPLICATES_REMOVED|SOLAR_AREA_DUPLICATES_REMOVED,target_test,T003_h550_i053_raan180_20260115_d72h_s30_Battery_ExternalData.csv,data/stk_report/T003_h550_i053_raan180_20260115_d72h_s30
T004_h550_i053_raan000_20260415_d72h_s30,4,550,53,0,20260415,h550_i053_raan000,LEO_BatterySat_Solar_Panel_Power.csv,LEO_BatterySat_Solar_Panel_Area.csv,LEO_BatterySat_Beta_Angle.csv,LEO_BatterySat_Battery_Environment_TimeSeries.csv,LEO_BatterySat_Lighting_Times.csv,Satellite-LEO_BatterySat-To-Facility-Shanghai_GroundStation_Access.csv,STANDARD_COMBINED,SOLAR_POWER_DUPLICATES_REMOVED|SOLAR_AREA_DUPLICATES_REMOVED,target_train,T004_h550_i053_raan000_20260415_d72h_s30_Battery_ExternalData.csv,data/stk_report/T004_h550_i053_raan000_20260415_d72h_s30
T005_h550_i053_raan090_20260415_d72h_s30,5,550,53,90,20260415,h550_i053_raan090,LEO_BatterySat_Solar_Panel_Power.csv,LEO_BatterySat_Solar_Panel_Area.csv,LEO_BatterySat_Beta_Angle.csv,LEO_BatterySat_Battery_Environment_TimeSeries.csv,LEO_BatterySat_Lighting_Times.csv,Satellite-LEO_BatterySat-To-Facility-Shanghai_GroundStation_Access.csv,STANDARD_COMBINED,SOLAR_POWER_DUPLICATES_REMOVED|SOLAR_AREA_DUPLICATES_REMOVED,target_calibration,T005_h550_i053_raan090_20260415_d72h_s30_Battery_ExternalData.csv,data/stk_report/T005_h550_i053_raan090_20260415_d72h_s30
T006_h550_i053_raan180_20260415_d72h_s30,6,550,53,180,20260415,h550_i053_raan180,LEO_BatterySat_Solar_Panel_Power.csv,LEO_BatterySat_Solar_Panel_Area.csv,LEO_BatterySat_Beta_Angle.csv,LEO_BatterySat_Battery_Environment_TimeSeries.csv,LEO_BatterySat_Lighting_Times.csv,Satellite-LEO_BatterySat-To-Facility-Shanghai_GroundStation_Access.csv,STANDARD_COMBINED,SOLAR_POWER_DUPLICATES_REMOVED|SOLAR_AREA_DUPLICATES_REMOVED,target_test,T006_h550_i053_raan180_20260415_d72h_s30_Battery_ExternalData.csv,data/stk_report/T006_h550_i053_raan180_20260415_d72h_s30
T007_h550_i053_raan000_20260701_d72h_s30,7,550,53,0,20260701,h550_i053_raan000,solar_panel_power_550km_i53_raan000.csv,solar_panel_area_550km_i53_raan000_20260701.csv,beta_angle_550km_i53_raan000_20260701.csv,LEO_BatterySat_Battery_Environment_TimeSeries.csv,lighting_intervals_550km_i53_raan000.csv,access_intervals_550km_i53_raan000.csv,STANDARD_COMBINED,SOLAR_POWER_DUPLICATES_REMOVED|SOLAR_AREA_DUPLICATES_REMOVED,target_train,T007_h550_i053_raan000_20260701_d72h_s30_Battery_ExternalData.csv,data/stk_report/T007_h550_i053_raan000_20260701_d72h_s30
T008_h550_i053_raan090_20260715_d72h_s30,8,550,53,90,20260715,h550_i053_raan090,LEO_BatterySat_Solar_Panel_Power.csv,LEO_BatterySat_Solar_Panel_Area.csv,LEO_BatterySat_Beta_Angle.csv,LEO_BatterySat_Battery_Environment_TimeSeries.csv,LEO_BatterySat_Lighting_Times.csv,Satellite-LEO_BatterySat-To-Facility-Shanghai_GroundStation_Access.csv,STANDARD_COMBINED,SOLAR_POWER_DUPLICATES_REMOVED|SOLAR_AREA_DUPLICATES_REMOVED,target_calibration,T008_h550_i053_raan090_20260715_d72h_s30_Battery_ExternalData.csv,data/stk_report/T008_h550_i053_raan090_20260715_d72h_s30
T009_h550_i053_raan180_20260715_d72h_s30,9,550,53,180,20260715,h550_i053_raan180,LEO_BatterySat_Solar_Panel_Power.csv,LEO_BatterySat_Solar_Panel_Area.csv,LEO_BatterySat_Beta_Angle.csv,LEO_BatterySat_Battery_Environment_TimeSeries.csv,LEO_BatterySat_Lighting_Times.csv,Satellite-LEO_BatterySat-To-Facility-Shanghai_GroundStation_Access.csv,STANDARD_COMBINED,SOLAR_POWER_DUPLICATES_REMOVED|SOLAR_AREA_DUPLICATES_REMOVED,target_test,T009_h550_i053_raan180_20260715_d72h_s30_Battery_ExternalData.csv,data/stk_report/T009_h550_i053_raan180_20260715_d72h_s30
T010_h550_i053_raan000_20261015_d72h_s30,10,550,53,0,20261015,h550_i053_raan000,LEO_BatterySat_Solar_Panel_Power.csv,LEO_BatterySat_Solar_Panel_Area.csv,LEO_BatterySat_Beta_Angle.csv,LEO_BatterySat_Battery_Environment_TimeSeries.csv,LEO_BatterySat_Lighting_Times.csv,Satellite-LEO_BatterySat-To-Facility-Shanghai_GroundStation_Access.csv,STANDARD_COMBINED,SOLAR_POWER_DUPLICATES_REMOVED|SOLAR_AREA_DUPLICATES_REMOVED,target_train,T010_h550_i053_raan000_20261015_d72h_s30_Battery_ExternalData.csv,data/stk_report/T010_h550_i053_raan000_20261015_d72h_s30
T011_h550_i053_raan090_20261015_d72h_s30,11,550,53,90,20261015,h550_i053_raan090,LEO_BatterySat_Solar_Panel_Power.csv,LEO_BatterySat_Solar_Panel_Area.csv,LEO_BatterySat_Beta_Angle.csv,LEO_BatterySat_Battery_Environment_TimeSeries.csv,LEO_BatterySat_Lighting_Times.csv,Satellite-LEO_BatterySat-To-Facility-Shanghai_GroundStation_Access.csv,STANDARD_COMBINED,SOLAR_POWER_DUPLICATES_REMOVED|SOLAR_AREA_DUPLICATES_REMOVED,target_calibration,T011_h550_i053_raan090_20261015_d72h_s30_Battery_ExternalData.csv,data/stk_report/T011_h550_i053_raan090_20261015_d72h_s30
T012_h550_i053_raan180_20261015_d72h_s30,12,550,53,180,20261015,h550_i053_raan180,LEO_BatterySat_Solar_Panel_Power.csv,LEO_BatterySat_Solar_Panel_Area.csv,LEO_BatterySat_Beta_Angle.csv,LEO_BatterySat_Battery_Environment_TimeSeries.csv,LEO_BatterySat_Lighting_Times.csv,Satellite-LEO_BatterySat-To-Facility-Shanghai_GroundStation_Access.csv,STANDARD_COMBINED,SOLAR_POWER_DUPLICATES_REMOVED|SOLAR_AREA_DUPLICATES_REMOVED,target_test,T012_h550_i053_raan180_20261015_d72h_s30_Battery_ExternalData.csv,data/stk_report/T012_h550_i053_raan180_20261015_d72h_s30
T013_h500_i070_raan000_20260115_d72h_s30,13,500,70,0,20260115,h500_i070_raan000,LEO_BatterySat_Solar_Panel_Power.csv,LEO_BatterySat_Solar_Panel_Area.csv,LEO_BatterySat_Beta_Angle.csv,LEO_BatterySat_Battery_Environment_TimeSeries.csv,LEO_BatterySat_Lighting_Times.csv,Satellite-LEO_BatterySat-To-Facility-Shanghai_GroundStation_Access.csv,CONCATENATED_BLOCKS_RECONSTRUCTED,SOLAR_POWER_DUPLICATES_REMOVED|SOLAR_AREA_DUPLICATES_REMOVED|ENV_CONCATENATED_BLOCKS_RECONSTRUCTED,target_test,T013_h500_i070_raan000_20260115_d72h_s30_Battery_ExternalData.csv,data/stk_report/T013_h500_i070_raan000_20260115_d72h_s30
T014_h500_i070_raan090_20260115_d72h_s30,14,500,70,90,20260115,h500_i070_raan090,LEO_BatterySat_Solar_Panel_Power.csv,LEO_BatterySat_Solar_Panel_Area.csv,LEO_BatterySat_Beta_Angle.csv,LEO_BatterySat_Battery_Environment_TimeSeries.csv,LEO_BatterySat_Lighting_Times.csv,Satellite-LEO_BatterySat-To-Facility-Shanghai_GroundStation_Access.csv,CONCATENATED_BLOCKS_RECONSTRUCTED,SOLAR_POWER_DUPLICATES_REMOVED|SOLAR_AREA_DUPLICATES_REMOVED|ENV_CONCATENATED_BLOCKS_RECONSTRUCTED,target_train,T014_h500_i070_raan090_20260115_d72h_s30_Battery_ExternalData.csv,data/stk_report/T014_h500_i070_raan090_20260115_d72h_s30
T015_h500_i070_raan180_20260115_d72h_s30,15,500,70,180,20260115,h500_i070_raan180,LEO_BatterySat_Solar_Panel_Power.csv,LEO_BatterySat_Solar_Panel_Area.csv,LEO_BatterySat_Beta_Angle.csv,LEO_BatterySat_Battery_Environment_TimeSeries.csv,LEO_BatterySat_Lighting_Times.csv,Satellite-LEO_BatterySat-To-Facility-Shanghai_GroundStation_Access.csv,CONCATENATED_BLOCKS_RECONSTRUCTED,SOLAR_POWER_DUPLICATES_REMOVED|SOLAR_AREA_DUPLICATES_REMOVED|ENV_CONCATENATED_BLOCKS_RECONSTRUCTED,target_calibration,T015_h500_i070_raan180_20260115_d72h_s30_Battery_ExternalData.csv,data/stk_report/T015_h500_i070_raan180_20260115_d72h_s30
T016_h500_i070_raan000_20260415_d72h_s30,16,500,70,0,20260415,h500_i070_raan000,LEO_BatterySat_Solar_Panel_Power.csv,LEO_BatterySat_Solar_Panel_Area.csv,LEO_BatterySat_Beta_Angle.csv,LEO_BatterySat_Battery_Environment_TimeSeries.csv,LEO_BatterySat_Lighting_Times.csv,Satellite-LEO_BatterySat-To-Facility-Shanghai_GroundStation_Access.csv,CONCATENATED_BLOCKS_RECONSTRUCTED,SOLAR_POWER_DUPLICATES_REMOVED|SOLAR_AREA_DUPLICATES_REMOVED|ENV_CONCATENATED_BLOCKS_RECONSTRUCTED,target_test,T016_h500_i070_raan000_20260415_d72h_s30_Battery_ExternalData.csv,data/stk_report/T016_h500_i070_raan000_20260415_d72h_s30
T017_h500_i070_raan090_20260415_d72h_s30,17,500,70,90,20260415,h500_i070_raan090,LEO_BatterySat_Solar_Panel_Power.csv,LEO_BatterySat_Solar_Panel_Area.csv,LEO_BatterySat_Beta_Angle.csv,LEO_BatterySat_Battery_Environment_TimeSeries.csv,LEO_BatterySat_Lighting_Times.csv,Satellite-LEO_BatterySat-To-Facility-Shanghai_GroundStation_Access.csv,CONCATENATED_BLOCKS_RECONSTRUCTED,SOLAR_POWER_DUPLICATES_REMOVED|SOLAR_AREA_DUPLICATES_REMOVED|ENV_CONCATENATED_BLOCKS_RECONSTRUCTED,target_train,T017_h500_i070_raan090_20260415_d72h_s30_Battery_ExternalData.csv,data/stk_report/T017_h500_i070_raan090_20260415_d72h_s30
T018_h500_i070_raan180_20260415_d72h_s30,18,500,70,180,20260415,h500_i070_raan180,LEO_BatterySat_Solar_Panel_Power.csv,LEO_BatterySat_Solar_Panel_Area.csv,LEO_BatterySat_Beta_Angle.csv,LEO_BatterySat_Battery_Environment_TimeSeries.csv,LEO_BatterySat_Lighting_Times.csv,Satellite-LEO_BatterySat-To-Facility-Shanghai_GroundStation_Access.csv,CONCATENATED_BLOCKS_RECONSTRUCTED,SOLAR_POWER_DUPLICATES_REMOVED|SOLAR_AREA_DUPLICATES_REMOVED|ENV_CONCATENATED_BLOCKS_RECONSTRUCTED,target_calibration,T018_h500_i070_raan180_20260415_d72h_s30_Battery_ExternalData.csv,data/stk_report/T018_h500_i070_raan180_20260415_d72h_s30
T019_h500_i070_raan000_20260715_d72h_s30,19,500,70,0,20260715,h500_i070_raan000,LEO_BatterySat_Solar_Panel_Power.csv,LEO_BatterySat_Solar_Panel_Area.csv,LEO_BatterySat_Beta_Angle.csv,LEO_BatterySat_Battery_Environment_TimeSeries.csv,LEO_BatterySat_Lighting_Times.csv,Satellite-LEO_BatterySat-To-Facility-Shanghai_GroundStation_Access.csv,CONCATENATED_BLOCKS_RECONSTRUCTED,SOLAR_POWER_DUPLICATES_REMOVED|SOLAR_AREA_DUPLICATES_REMOVED|ENV_CONCATENATED_BLOCKS_RECONSTRUCTED,target_test,T019_h500_i070_raan000_20260715_d72h_s30_Battery_ExternalData.csv,data/stk_report/T019_h500_i070_raan000_20260715_d72h_s30
T020_h500_i070_raan090_20260715_d72h_s30,20,500,70,90,20260715,h500_i070_raan090,LEO_BatterySat_Solar_Panel_Power.csv,LEO_BatterySat_Solar_Panel_Area.csv,LEO_BatterySat_Beta_Angle.csv,LEO_BatterySat_Battery_Environment_TimeSeries.csv,LEO_BatterySat_Lighting_Times.csv,Satellite-LEO_BatterySat-To-Facility-Shanghai_GroundStation_Access.csv,CONCATENATED_BLOCKS_RECONSTRUCTED,SOLAR_POWER_DUPLICATES_REMOVED|SOLAR_AREA_DUPLICATES_REMOVED|ENV_CONCATENATED_BLOCKS_RECONSTRUCTED,target_train,T020_h500_i070_raan090_20260715_d72h_s30_Battery_ExternalData.csv,data/stk_report/T020_h500_i070_raan090_20260715_d72h_s30
T021_h500_i070_raan180_20260715_d72h_s30,21,500,70,180,20260715,h500_i070_raan180,LEO_BatterySat_Solar_Panel_Power.csv,LEO_BatterySat_Solar_Panel_Area.csv,LEO_BatterySat_Beta_Angle.csv,LEO_BatterySat_Battery_Environment_TimeSeries.csv,LEO_BatterySat_Lighting_Times.csv,Satellite-LEO_BatterySat-To-Facility-Shanghai_GroundStation_Access.csv,STANDARD_COMBINED,SOLAR_POWER_DUPLICATES_REMOVED|SOLAR_AREA_DUPLICATES_REMOVED,target_calibration,T021_h500_i070_raan180_20260715_d72h_s30_Battery_ExternalData.csv,data/stk_report/T021_h500_i070_raan180_20260715_d72h_s30
T022_h500_i070_raan000_20261015_d72h_s30,22,500,70,0,20261015,h500_i070_raan000,LEO_BatterySat_Solar_Panel_Power.csv,LEO_BatterySat_Solar_Panel_Area.csv,LEO_BatterySat_Beta_Angle.csv,LEO_BatterySat_Battery_Environment_TimeSeries.csv,LEO_BatterySat_Lighting_Times.csv,Satellite-LEO_BatterySat-To-Facility-Shanghai_GroundStation_Access.csv,CONCATENATED_BLOCKS_RECONSTRUCTED,SOLAR_POWER_DUPLICATES_REMOVED|SOLAR_AREA_DUPLICATES_REMOVED|ENV_CONCATENATED_BLOCKS_RECONSTRUCTED,target_test,T022_h500_i070_raan000_20261015_d72h_s30_Battery_ExternalData.csv,data/stk_report/T022_h500_i070_raan000_20261015_d72h_s30
T023_h500_i070_raan090_20261015_d72h_s30,23,500,70,90,20261015,h500_i070_raan090,LEO_BatterySat_Solar_Panel_Power.csv,LEO_BatterySat_Solar_Panel_Area.csv,LEO_BatterySat_Beta_Angle.csv,LEO_BatterySat_Battery_Environment_TimeSeries.csv,LEO_BatterySat_Lighting_Times.csv,Satellite-LEO_BatterySat-To-Facility-Shanghai_GroundStation_Access.csv,CONCATENATED_BLOCKS_RECONSTRUCTED,SOLAR_POWER_DUPLICATES_REMOVED|SOLAR_AREA_DUPLICATES_REMOVED|ENV_CONCATENATED_BLOCKS_RECONSTRUCTED,target_train,T023_h500_i070_raan090_20261015_d72h_s30_Battery_ExternalData.csv,data/stk_report/T023_h500_i070_raan090_20261015_d72h_s30
T024_h500_i070_raan180_20261015_d72h_s30,24,500,70,180,20261015,h500_i070_raan180,LEO_BatterySat_Solar_Panel_Power.csv,LEO_BatterySat_Solar_Panel_Area.csv,LEO_BatterySat_Beta_Angle.csv,LEO_BatterySat_Battery_Environment_TimeSeries.csv,LEO_BatterySat_Lighting_Times.csv,Satellite-LEO_BatterySat-To-Facility-Shanghai_GroundStation_Access.csv,STANDARD_COMBINED,SOLAR_POWER_DUPLICATES_REMOVED|SOLAR_AREA_DUPLICATES_REMOVED,target_calibration,T024_h500_i070_raan180_20261015_d72h_s30_Battery_ExternalData.csv,data/stk_report/T024_h500_i070_raan180_20261015_d72h_s30
