scenario_id,environment_family_id,scenario_date,anchor_day_of_year,template_day,altitude_km,inclination_deg,raan_deg,scenario_load_scale,mean_temp_c,max_temp_c,mean_c_rate,mean_eclipse_dod,efc_day,ah_day,wh_day,eclipse_h_day,comm_ratio,mean_soc,max_solar_power_w,mean_solar_power_w,mean_beta_deg,mean_abs_beta_deg,mean_effective_area_m2
T001_h550_i053_raan000_20260115_d72h_s30,h550_i053_raan000,20260115,15,0,550,53,0,1.05,21.29106075887873,22.036330735022453,0.3386225542124889,0.2567146529669973,4.063470650549866,325.0776520439893,10115.406110566111,8.5,0.019791666666666666,0.8479784016071805,857.981,538.8437354166667,25.539167361111108,25.539167361111108,2.7434831166666664
T001_h550_i053_raan000_20260115_d72h_s30,h550_i053_raan000,20260115,15,1,550,53,0,1.05,21.381871397330958,21.963059794100523,0.3361031968651314,0.25854106489581,4.033238362381576,322.65906899052607,10038.072614756733,8.566666666666666,0.019791666666666666,0.8495096815700376,874.071,547.7282121527778,23.27065902777778,23.27065902777778,2.789070299652778
T001_h550_i053_raan000_20260115_d72h_s30,h550_i053_raan000,20260115,15,2,550,53,0,1.05,21.25314120405443,21.850115699445812,0.3379947939916076,0.25956890729559773,4.055937527899291,324.4750022319432,10098.743819317133,8.608333333333333,0.01840277777777778,0.8500744400365169,889.849,556.5391420138889,20.688271180555557,20.688271180555557,2.8375736194444445
T002_h550_i053_raan090_20260115_d72h_s30,h550_i053_raan090,20260115,15,0,550,53,90,1.05,21.24272462384761,22.149122315907885,0.3313528691663943,0.25801019368441436,3.9762344299967323,318.0987543997386,9896.760604537043,8.55,0.02013888888888889,0.8531828343750322,891.23,558.4475232638889,-22.5780625,22.5780625,2.8454087052083334
T002_h550_i053_raan090_20260115_d72h_s30,h550_i053_raan090,20260115,15,1,550,53,90,1.05,21.165528825442042,21.927520655842947,0.34111955925299686,0.2615205739517604,4.093434711035963,327.474776882877,10196.26172359845,8.666666666666666,0.02048611111111111,0.8505913442878136,912.56,571.094009375,-18.128198958333336,18.128198958333336,2.905739003819445
T002_h550_i053_raan090_20260115_d72h_s30,h550_i053_raan090,20260115,15,2,550,53,90,1.05,20.940406969551642,21.675359322303443,0.34421655460067274,0.26340967368610674,4.130598655208073,330.4478924166458,10293.392246382431,8.733333333333333,0.017708333333333333,0.8506922584709946,928.375,580.8424666666667,-13.723034722222222,13.723034722222222,2.958786529513889
T003_h550_i053_raan180_20260115_d72h_s30,h550_i053_raan180,20260115,15,0,550,53,180,0.9178877700424782,22.875428702871776,23.584158320002956,0.16869807343495496,0.12131162936081709,2.0243768812194594,161.95015049755676,5071.543070993608,5.116666666666666,0.017361111111111112,0.8874943434220652,487.197,335.94657777777775,-59.68584305555556,59.68584305555556,1.714745255208333
T003_h550_i053_raan180_20260115_d72h_s30,h550_i053_raan180,20260115,15,1,550,53,180,0.9178877700424782,22.785097744403554,23.419089024107574,0.2024779630363997,0.15471149552853586,2.429735556436797,194.37884451494375,6081.114394396409,6.058333333333334,0.017361111111111112,0.8824112770648603,557.124,372.5252513888889,-55.41627604166667,55.41627604166667,1.899616025
T003_h550_i053_raan180_20260115_d72h_s30,h550_i053_raan180,20260115,15,2,550,53,180,0.9178877700424782,22.427396940911155,23.099682207144586,0.22771516646430326,0.1739958084536144,2.7325819975716383,218.60655980573108,6836.673956213652,6.75,0.019097222222222224,0.8793899132684846,622.644,408.4365506944444,-51.02865659722223,51.02865659722223,2.0816700795138887
T004_h550_i053_raan000_20260415_d72h_s30,h550_i053_raan000,20260415,105,0,550,53,0,1.05,20.70300408213801,21.513223524928286,0.3423938010947966,0.2619284205279746,4.10872561313756,328.6980490510048,10229.865938923476,8.725,0.02013888888888889,0.847906903909221,887.855,554.7321503472222,-13.991821875,13.991821875,2.9390379895833334
T004_h550_i053_raan000_20260415_d72h_s30,h550_i053_raan000,20260415,105,1,550,53,0,1.05,20.945889140541276,21.70192339447516,0.33954542924403214,0.2604602394098593,4.074545150928385,325.9636120742708,10140.537427764297,8.683333333333334,0.021875,0.8474814110236294,874.325,545.749165625,-17.63139236111111,17.63139236111111,2.889568909027778
T004_h550_i053_raan000_20260415_d72h_s30,h550_i053_raan000,20260415,105,2,550,53,0,1.05,21.111720107225906,21.88176194782531,0.33607179703689394,0.25779138749266456,4.032861564442728,322.6289251554182,10033.63008850607,8.6,0.022916666666666665,0.8472412324195152,856.449,535.1793302083333,-21.115229166666666,21.115229166666666,2.837990304513889
T005_h550_i053_raan090_20260415_d72h_s30,h550_i053_raan090,20260415,105,0,550,53,90,0.9308298004862717,22.297992743838073,23.094599909637278,0.2193165318764855,0.16490516696337715,2.6317983825178257,210.54387060142605,6562.3631248066495,6.266666666666667,0.019444444444444445,0.8616480929708504,532.622,361.1571538194445,54.126440625,54.126440625,1.9161179465277776
T005_h550_i053_raan090_20260415_d72h_s30,h550_i053_raan090,20260415,105,1,550,53,90,0.9308298004862717,22.403368515027005,22.90271256458074,0.2329565842804034,0.1771913849886932,2.7954790113648404,223.63832090918723,6983.366283825045,6.733333333333333,0.019791666666666666,0.8716578276153886,585.229,386.3938972222223,51.03724861111112,51.03724861111112,2.0503051885416665
T005_h550_i053_raan090_20260415_d72h_s30,h550_i053_raan090,20260415,105,2,550,53,90,0.9308298004862717,22.170406058550043,22.623118035476402,0.2451534545638659,0.18808643188403557,2.941841454766391,235.34731638131126,7349.3806961015025,7.141666666666667,0.01875,0.8717611577092441,630.116,412.5354625,47.633426736111105,47.633426736111105,2.1885533815972225
T006_h550_i053_raan180_20260415_d72h_s30,h550_i053_raan180,20260415,105,0,550,53,180,0.7942453202626026,22.36116279390681,23.29443955171006,0.16862116358959306,0.1251226671057563,2.023453963075117,161.87631704600935,5088.5887286344405,5.641666666666667,0.019097222222222224,0.8960783522152992,482.737,332.915321875,57.41647708333332,57.41647708333332,1.766575764236111
T006_h550_i053_raan180_20260415_d72h_s30,h550_i053_raan180,20260415,105,1,550,53,180,0.7942453202626026,23.05549668880875,23.701304021651012,0.1431546216483176,0.1084086900601046,1.7178554597798112,137.4284367823849,4323.365068686377,4.908333333333333,0.01875,0.9039263663135277,434.711,309.66792986111113,60.14586736111111,60.14586736111111,1.6459718687500002
T006_h550_i053_raan180_20260415_d72h_s30,h550_i053_raan180,20260415,105,2,550,53,180,0.7942453202626026,23.433716012157625,24.08136950413766,0.12014978942076726,0.09033784831842959,1.4417974730492074,115.34379784393658,3633.0832220420107,4.133333333333334,0.018055555555555554,0.9104633517417214,394.93,292.26912395833335,62.26320486111112,62.26320486111112,1.5565194479166669
T007_h550_i053_raan000_20260701_d72h_s30,h550_i053_raan000,20260701,182,0,550,53,0,1.05,21.27502062429456,22.06918964066514,0.3218040744175504,0.2511505311125302,3.8616488930106057,308.93191144084847,9589.132500072457,8.408333333333333,0.019097222222222224,0.8453344097109284,778.212,491.28752187500004,-28.687614930555558,28.687614930555558,2.6724033298611114
T007_h550_i053_raan000_20260701_d72h_s30,h550_i053_raan000,20260701,182,1,550,53,0,1.05,21.362795349678965,22.042232038890084,0.32927229378020734,0.2522225476507065,3.951267525362488,316.101402028999,9817.592485490708,8.441666666666666,0.019791666666666666,0.8428587323746094,786.314,496.3091902777778,-27.525637152777776,27.525637152777776,2.6981693625000003
T007_h550_i053_raan000_20260701_d72h_s30,h550_i053_raan000,20260701,182,2,550,53,0,1.05,21.29537470722099,21.968686032861022,0.3313895024553756,0.2538093883645413,3.976674029464507,318.13392235716054,9882.68041395711,8.491666666666667,0.019791666666666666,0.8431624603294438,798.225,502.3878864583333,-25.967518402777777,25.967518402777777,2.7315500361111114
T008_h550_i053_raan090_20260715_d72h_s30,h550_i053_raan090,20260715,196,0,550,53,90,1.05,21.31615815153799,22.064290353662898,0.3214169039283162,0.23612431756455052,3.857002847139794,308.5602277711835,9576.964857672629,8.441666666666666,0.019097222222222224,0.8456943645454509,770.75,484.98658611111114,-29.784690625,29.784690625,2.6373155552083336
T008_h550_i053_raan090_20260715_d72h_s30,h550_i053_raan090,20260715,196,1,550,53,90,1.05,21.50983122701586,22.0969320885382,0.32403302266373857,0.24829456635804636,3.8883962719648624,311.071701757189,9657.764202339204,8.316666666666666,0.019791666666666666,0.8421900890171347,759.589,482.1594381944445,-30.998865277777774,30.998865277777774,2.6230414722222224
T008_h550_i053_raan090_20260715_d72h_s30,h550_i053_raan090,20260715,196,2,550,53,90,1.05,21.545629078028778,22.10047562180452,0.32243392549325917,0.24702772579543375,3.8692071059191093,309.53656847352875,9609.418688027325,8.275,0.019791666666666666,0.842222511815821,751.411,478.686859375,-31.78262222222222,31.78262222222222,2.60251810625
T009_h550_i053_raan180_20260715_d72h_s30,h550_i053_raan180,20260715,196,0,550,53,180,1.05,20.40241563758594,21.034413301874807,0.3428692684445342,0.2546389633080318,4.11443122133441,329.1544977067528,10236.311308180077,8.891666666666667,0.02013888888888889,0.8471091099321917,881.608,545.3039968749999,-8.582436111111111,8.582436111111111,2.9640304656249996
T009_h550_i053_raan180_20260715_d72h_s30,h550_i053_raan180,20260715,196,1,550,53,180,1.05,20.59287136543339,21.20484727941329,0.343141712464627,0.2624497092047778,4.117700549575524,329.4160439660419,10241.731419377378,8.841666666666667,0.019444444444444445,0.8453615901941601,876.162,539.6216972222222,-12.200065277777776,12.200065277777776,2.934638104861112
T009_h550_i053_raan180_20260715_d72h_s30,h550_i053_raan180,20260715,196,2,550,53,180,1.05,20.766438639051188,21.335327618045167,0.3410226526788759,0.26064672058138844,4.092271832146511,327.3817465717209,10176.07912192333,8.791666666666666,0.018055555555555554,0.8449042545660214,857.179,532.5476375,-15.642766319444444,15.642766319444444,2.8955257708333333
T010_h550_i053_raan000_20261015_d72h_s30,h550_i053_raan000,20261015,288,0,550,53,0,1.05,21.605007827900785,22.624004951192404,0.3188119342351492,0.2449391948680472,3.82574321082179,306.0594568657432,9505.352670324766,8.141666666666667,0.017013888888888887,0.8473012641193052,775.423,489.7881982638889,34.207033333333335,34.207033333333335,2.5638870055555554
T010_h550_i053_raan000_20261015_d72h_s30,h550_i053_raan000,20261015,288,1,550,53,0,1.05,21.67321805559512,22.504312968606556,0.32671106848971204,0.2501602408787769,3.9205328218765443,313.64262575012356,9746.42926512546,8.3,0.01875,0.847102521059488,805.167,505.8857649305556,30.84617673611111,30.84617673611111,2.6443144694444447
T010_h550_i053_raan000_20261015_d72h_s30,h550_i053_raan000,20261015,288,2,550,53,0,1.05,21.516657281854354,22.346232774570456,0.3318814968712061,0.25402338801941066,3.9825779624544735,318.6062369963579,9905.732365347014,8.425,0.019444444444444445,0.8477423497896202,832.608,521.3712760416666,27.254188541666664,27.254188541666664,2.7246830649305553
T011_h550_i053_raan090_20261015_d72h_s30,h550_i053_raan090,20261015,288,0,550,53,90,1.05,20.953497305364802,21.671945676241204,0.34365148778771337,0.26089455743482776,4.123817853452561,329.9054282762049,10267.714347199231,8.65,0.01875,0.8470398732148681,878.075,549.0276076388889,19.006225,19.006225,2.8718119461805562
T011_h550_i053_raan090_20261015_d72h_s30,h550_i053_raan090,20261015,288,1,550,53,90,1.05,21.24454093883519,21.89237667611354,0.3365750081705945,0.2587158463397024,4.038900098047134,323.1120078437707,10046.476291378545,8.575,0.019791666666666666,0.8471071923642218,859.724,538.2772357638888,22.519197916666666,22.519197916666666,2.814765770833333
T011_h550_i053_raan090_20261015_d72h_s30,h550_i053_raan090,20261015,288,2,550,53,90,1.05,21.406950905196766,22.0922118702026,0.33276859754006854,0.25593823191361803,3.9932231704808223,319.4578536384658,9929.522021636421,8.483333333333333,0.019444444444444445,0.8469226969951775,839.413,526.7442541666667,25.848489236111114,25.848489236111114,2.7499588763888885
T012_h550_i053_raan180_20261015_d72h_s30,h550_i053_raan180,20261015,288,0,550,53,180,1.05,20.795303853758597,21.61396414628018,0.3466538694854049,0.26325173860951023,4.159846433824859,332.7877147059887,10362.86126473448,8.716666666666667,0.019097222222222224,0.8485225912627232,900.65,563.1924305555555,-14.28241701388889,14.28241701388889,2.9471501343749997
T012_h550_i053_raan180_20261015_d72h_s30,h550_i053_raan180,20261015,288,1,550,53,180,1.05,20.69552505863972,21.4294256408805,0.34503383218641315,0.265206917929509,4.140405986236957,331.2324788989566,10310.313062117339,8.783333333333333,0.017361111111111112,0.8491410595225789,911.369,570.7188225694445,-10.174394444444445,10.174394444444445,2.9833501319444444
T012_h550_i053_raan180_20261015_d72h_s30,h550_i053_raan180,20261015,288,2,550,53,180,1.05,20.468629824798906,21.20563247967975,0.3458728321977253,0.2660316054624205,4.150473986372704,332.0379189098163,10337.030363612399,8.816666666666666,0.017361111111111112,0.8491422467590496,917.185,575.6182302083333,-6.080774999999999,6.080774999999999,3.0061435906250003
T013_h500_i070_raan000_20260115_d72h_s30,h500_i070_raan000,20260115,15,0,500,70,0,1.05,21.79834931342583,22.530403190311738,0.3130315953237354,0.2366078020117912,3.756379143884825,300.510331510786,9333.500264475399,7.933333333333334,0.010069444444444445,0.8450938991345756,731.141,465.71561701388885,40.21815902777778,40.21815902777778,2.3728011815972225
T013_h500_i070_raan000_20260115_d72h_s30,h500_i070_raan000,20260115,15,1,500,70,0,1.05,21.991876588061285,22.423544357864117,0.3192301736279274,0.2408078138959134,3.830762083535128,306.46096668281024,9514.2763229744,8.333333333333334,0.012152777777777778,0.8466146263419632,752.768,468.9284694444445,38.24424027777778,38.24424027777778,2.3886912930555555
T013_h500_i070_raan000_20260115_d72h_s30,h500_i070_raan000,20260115,15,2,500,70,0,1.05,21.89329064256092,22.28830632101946,0.32289206560548867,0.24395727653992016,3.874704787265864,309.9763829812691,9624.71465920237,8.316666666666666,0.012152777777777778,0.8453004704414367,777.999,483.772678125,36.10521354166667,36.10521354166667,2.467122709375
T014_h500_i070_raan090_20260115_d72h_s30,h500_i070_raan090,20260115,15,0,500,70,90,1.05,20.915530914200797,21.573522560633947,0.34835097500761514,0.2580144507225357,4.180211700091381,334.4169360073105,10401.200876864232,9.041666666666666,0.010416666666666666,0.8463208417644135,910.899,554.4970715277777,17.424991319444445,17.424991319444445,2.8218514663194445
T014_h500_i070_raan090_20260115_d72h_s30,h500_i070_raan090,20260115,15,1,500,70,90,1.05,21.161246385529147,21.682917133604374,0.3449960915571243,0.260529351377129,4.139953098685491,331.1962478948393,10304.726732929297,8.775,0.010416666666666666,0.8460165101863583,893.917,553.2955524305555,20.45502465277778,20.45502465277778,2.8160995861111107
T014_h500_i070_raan090_20260115_d72h_s30,h500_i070_raan090,20260115,15,2,500,70,90,1.05,21.308756428823475,21.758147653462448,0.3413802543697563,0.2585323748231378,4.096563052437076,327.7250441949661,10201.92239699062,8.6,0.010763888888888889,0.8473266855594038,876.986,547.1603100694444,23.43421076388889,23.43421076388889,2.7841603413194447
T015_h500_i070_raan180_20260115_d72h_s30,h500_i070_raan180,20260115,15,0,500,70,180,0.8698794387430535,23.132070523868364,23.794501185612724,0.1433687917892608,0.10144238878213896,1.7204255014711294,137.63404011769035,4313.361697513306,4.5,0.013541666666666667,0.8896788917936703,449.304,315.64527083333337,-63.043720486111106,63.043720486111106,1.611896871875
T015_h500_i070_raan180_20260115_d72h_s30,h500_i070_raan180,20260115,15,1,500,70,180,0.8698794387430535,23.08498459846291,23.629253960626585,0.17365601201823241,0.13050384668783196,2.083872144218789,166.70977153750312,5229.579159659889,5.391666666666667,0.011458333333333333,0.8931235559768983,504.549,345.87299375000003,-59.59620486111111,59.59620486111111,1.7665683802083334
T015_h500_i070_raan180_20260115_d72h_s30,h500_i070_raan180,20260115,15,2,500,70,180,0.8698794387430535,22.694738843727556,23.278820237456596,0.1973508010697848,0.1483376323569742,2.3682096128374175,189.4567690269934,5941.702703793571,6.108333333333333,0.010416666666666666,0.8899251052577443,557.126,373.51921458333334,-56.14765416666667,56.14765416666667,1.9071511961805556
T016_h500_i070_raan000_20260415_d72h_s30,h500_i070_raan000,20260415,105,0,500,70,0,1.05,20.945552370900025,21.80586090976738,0.3438014019865546,0.26133653968766557,4.125616823838655,330.0493459070924,10267.723113610373,8.675,0.019097222222222224,0.8454681184451516,866.173,540.5499958333332,-19.517480902777777,19.517480902777777,2.8615530982638893
T016_h500_i070_raan000_20260415_d72h_s30,h500_i070_raan000,20260415,105,1,500,70,0,1.05,21.194485157959935,21.98982342801479,0.3380900303956622,0.2586257300179683,4.0570803647479465,324.5664291798357,10088.786751877953,8.65,0.015277777777777777,0.8457247997973789,849.595,528.9598975694445,-22.49412361111111,22.49412361111111,2.8049411555555555
T016_h500_i070_raan000_20260415_d72h_s30,h500_i070_raan000,20260415,105,2,500,70,0,1.05,21.319811123700756,22.122810844401,0.3393961084553949,0.2506498448676631,4.072753301464739,325.82026411717914,10120.264904861611,8.85,0.014930555555555556,0.8442929893589622,833.18,509.90581493055555,-25.423469097222224,25.423469097222224,2.702339240625
T017_h500_i070_raan090_20260415_d72h_s30,h500_i070_raan090,20260415,105,0,500,70,90,0.7921150741329622,23.17588350887372,24.031404797195528,0.12003150883623948,0.0865010620490854,1.4403781060348737,115.2302484827899,3625.923528908681,3.966666666666667,0.011805555555555555,0.9012149438425315,399.104,289.57139618055555,63.77367118055556,63.77367118055556,1.540453412847222
T017_h500_i070_raan090_20260415_d72h_s30,h500_i070_raan090,20260415,105,1,500,70,90,0.7921150741329622,23.11908523852593,23.81028935743502,0.14801974954422464,0.11145204247605248,1.7762369945306957,142.09895956245566,4469.64987395465,5.15,0.0125,0.9034680410675276,451.514,312.5927388888889,60.75057673611111,60.75057673611111,1.6627613180555556
T017_h500_i070_raan090_20260415_d72h_s30,h500_i070_raan090,20260415,105,2,500,70,90,0.7921150741329622,22.693025148463736,23.28816200250589,0.17263906056410247,0.12919631001973383,2.0716687267692295,165.73349814153835,5207.179874187029,6.125,0.01423611111111111,0.8982091406730365,501.216,333.5249128472222,57.65875104166667,57.65875104166667,1.7717143913194444
T018_h500_i070_raan180_20260415_d72h_s30,h500_i070_raan180,20260415,105,0,500,70,180,1.05,21.250758851096332,21.99369514206204,0.33581665899450286,0.2463059866522933,4.029799907934034,322.38399263472274,10012.324637737194,8.75,0.010763888888888889,0.8453697489358629,829.977,511.1837920138889,26.879606250000002,26.879606250000002,2.708827817013889
T018_h500_i070_raan180_20260415_d72h_s30,h500_i070_raan180,20260415,105,1,500,70,180,1.05,21.551688746221622,22.11550868343681,0.3310359407996507,0.25084615192775944,3.9724312895958094,317.79450316766474,9876.592857149462,8.358333333333333,0.010416666666666666,0.844210475543548,806.529,506.97818854166667,30.313835069444444,30.313835069444444,2.6862333243055554
T018_h500_i070_raan180_20260415_d72h_s30,h500_i070_raan180,20260415,105,2,500,70,180,1.05,21.718485935948998,22.189798154959398,0.32475044707531053,0.2464196722995606,3.897005364903726,311.7604291922981,9688.811280561067,8.216666666666667,0.010416666666666666,0.8453612715847527,780.344,492.4969597222222,33.74762916666667,33.74762916666667,2.6110739006944446
T019_h500_i070_raan000_20260715_d72h_s30,h500_i070_raan000,20260715,196,0,500,70,0,1.02860581609907,21.71637959103282,22.518596235534485,0.2956365863237763,0.21429638764192355,3.5476390358853167,283.81112287082533,8810.273073176215,7.858333333333333,0.010763888888888889,0.8450053676160969,673.042,430.5058135416667,-41.198144791666664,41.198144791666664,2.340942589236111
T019_h500_i070_raan000_20260715_d72h_s30,h500_i070_raan000,20260715,196,1,500,70,0,1.02860581609907,21.82782678620736,22.503048882190555,0.3058831589362096,0.23216468930203232,3.670597907234515,293.6478325787612,9122.600678648234,7.966666666666667,0.010069444444444445,0.8434555436665322,693.98,441.94546493055554,-39.37500451388889,39.37500451388889,2.4022143993055556
T019_h500_i070_raan000_20260715_d72h_s30,h500_i070_raan000,20260715,196,2,500,70,0,1.02860581609907,21.73946607400643,22.45361825298178,0.3093555967748764,0.23524246652902145,3.7122671612985174,296.9813729038814,9229.45525907824,8.066666666666666,0.010416666666666666,0.8453377602088585,715.884,452.4829666666667,-37.37990555555555,37.37990555555555,2.4604063791666664
T020_h500_i070_raan090_20260715_d72h_s30,h500_i070_raan090,20260715,196,0,500,70,90,1.05,20.696992733587436,21.516470605805548,0.346337007773236,0.2634806255365801,4.156044093278831,332.4835274623065,10340.117578290377,8.766666666666667,0.019097222222222224,0.8436397832468355,861.017,535.680960763889,-15.23093263888889,15.23093263888889,2.9093040215277775
T020_h500_i070_raan090_20260715_d72h_s30,h500_i070_raan090,20260715,196,1,500,70,90,1.05,20.90854667789857,21.682669998619954,0.34076998168588835,0.2615210141113588,4.089239780230661,327.13918241845283,10167.155119457906,8.725,0.015277777777777777,0.8438797636031106,847.036,527.734073263889,-18.22143611111111,18.22143611111111,2.868442527777778
T020_h500_i070_raan090_20260715_d72h_s30,h500_i070_raan090,20260715,196,2,500,70,90,1.05,21.046265179364955,21.804938860399616,0.34312893401878997,0.25188443919148096,4.11754720822548,329.4037766580384,10231.661245689518,8.966666666666667,0.014930555555555556,0.8429175354773817,833.301,509.0998059027778,-21.16582222222222,21.16582222222222,2.7657238583333337
T021_h500_i070_raan180_20260715_d72h_s30,h500_i070_raan180,20260715,196,0,500,70,180,0.7915660033017218,23.526199379531565,24.46089149807021,0.09493347330226042,0.066427498252555,1.139201679627125,91.13613437017,2876.0166481631613,3.125,0.011458333333333333,0.9152620253462269,385.042,285.16318611111114,65.35109826388889,65.35109826388889,1.5598929954861112
T021_h500_i070_raan180_20260715_d72h_s30,h500_i070_raan180,20260715,196,1,500,70,180,0.7915660033017218,23.31675060009277,24.132528134139637,0.13451820090252156,0.10087522030281836,1.6142184108302586,129.1374728664207,4066.3875931185285,4.65,0.012847222222222222,0.9080534027388655,443.714,308.11537256944445,61.972549652777786,61.972549652777786,1.6820493718749998
T021_h500_i070_raan180_20260715_d72h_s30,h500_i070_raan180,20260715,196,2,500,70,180,0.7915660033017218,22.806060726118467,23.516986316485507,0.16631697185273545,0.1227098584187943,1.995803662232825,159.664292978626,5018.269207694884,5.966666666666667,0.014583333333333334,0.9004149572228831,488.593,326.54070798611116,58.59180833333333,58.59180833333333,1.7770577951388888
T022_h500_i070_raan000_20261015_d72h_s30,h500_i070_raan000,20261015,288,0,500,70,0,1.05,20.8616947077526,21.561467655862824,0.34744242707892103,0.25636291819210566,4.169309124947053,333.5447299957642,10367.74567349989,9.05,0.010763888888888889,0.8453000481304656,886.518,541.8372420138888,17.185148958333333,17.185148958333333,2.8341822402777774
T022_h500_i070_raan000_20261015_d72h_s30,h500_i070_raan000,20261015,288,1,500,70,0,1.05,21.095778283099996,21.636599139200907,0.3439551067010723,0.2602689671971942,4.1274612804128665,330.1969024330293,10270.768692114676,8.7,0.010416666666666666,0.8447872585239972,873.457,544.3131927083333,20.217131944444443,20.217131944444443,2.8440905052083334
T022_h500_i070_raan000_20261015_d72h_s30,h500_i070_raan000,20261015,288,2,500,70,0,1.05,21.247734941112576,21.738676849160484,0.34054195433751916,0.25819476516816536,4.08650345205023,326.9202761640184,10171.68247938142,8.591666666666667,0.010069444444444445,0.8461881627150044,858.44,536.2889881944444,23.209761805555555,23.209761805555555,2.8012692649305553
T023_h500_i070_raan090_20261015_d72h_s30,h500_i070_raan090,20261015,288,0,500,70,90,0.7829968581112203,23.726431618038983,24.483358200726713,0.079764745627281,0.05591329470253457,0.957176947527372,76.57415580218976,2419.0223703997763,2.683333333333333,0.011111111111111112,0.9210346180578155,363.755,274.7978590277778,-65.96815173611111,65.96815173611111,1.4498875152777777
T023_h500_i070_raan090_20261015_d72h_s30,h500_i070_raan090,20261015,288,1,500,70,90,0.7829968581112203,23.51001584302759,24.159365374760874,0.12232750956765434,0.09142424526209009,1.4679301148118522,117.43440918494818,3701.181143194568,4.291666666666667,0.010069444444444445,0.9108584764528855,414.912,296.97403090277777,-63.0822611111111,63.0822611111111,1.5587815791666666
T023_h500_i070_raan090_20261015_d72h_s30,h500_i070_raan090,20261015,288,2,500,70,90,0.7829968581112203,22.996300071711175,23.651518022175175,0.15084484597246883,0.113006265882031,1.8101381516696258,144.81105213357006,4559.564140593337,5.258333333333334,0.010416666666666666,0.9045556136243267,464.437,322.1118305555555,-60.088705555555556,60.088705555555556,1.687267090625
T024_h500_i070_raan180_20261015_d72h_s30,h500_i070_raan180,20261015,288,0,500,70,180,1.05,21.140039261668168,21.96737924395302,0.33983610946825493,0.25785800937594244,4.078033313619059,326.24266508952473,10151.246348038057,8.566666666666666,0.01840277777777778,0.8473006609630159,860.751,538.4009534722222,-23.503364583333333,23.503364583333333,2.816473959375
T024_h500_i070_raan180_20261015_d72h_s30,h500_i070_raan180,20261015,288,1,500,70,180,1.05,21.441169263606316,22.192557857281347,0.3346134104632057,0.2547685441887393,4.015360925558468,321.22887404467747,9984.997753320982,8.616666666666667,0.015277777777777777,0.8473260636513837,839.268,521.5272020833333,-26.95023611111111,26.95023611111111,2.727112347222222
T024_h500_i070_raan180_20261015_d72h_s30,h500_i070_raan180,20261015,288,2,500,70,180,1.05,21.59524290514175,22.372141387610682,0.333192237823081,0.2487463300153146,3.9983068538769713,319.8645483101577,9933.880809834724,8.683333333333334,0.014930555555555556,0.8457023659380313,816.203,502.94974375000004,-30.39756041666666,30.39756041666666,2.628522578125
