relative_path,size_bytes,sha256
L0_multi_scenario_stk_environment.csv,80769719,954427072702f5a77f06e6e01d76b7e3a6a5d192367968f5cbc065b79929bff7
L1_multi_scenario_battery_telemetry_72h.csv,103929919,053b6cc06e6f5e48a542458201a032c3e6d5159f3d7077a08c4cd710cfe8a975
L2_multi_scenario_reference_points.csv,7347988,c19c3ff8144b19164bd4da05093fd3e890478e9435a0b302541149fea9343268
L3_multi_scenario_training_windows.csv,42664107,d4db52049afb25539da6a201d2113bc629d7a30af7a1b8b4e5a5a088e2be5678
README.md,1074,02e95e88adbc57c7d3f09cf078869da899d0e05207b8a5069021c0499e6c5644
__pycache__/evaluate_group_conformal.cpython-313.pyc,5725,165a1560cf9ed3938f5e18065e7f6214d1ab199ca7f62b8ab8a0a6f8eff65781
__pycache__/fit_residual_adapter.cpython-313.pyc,6804,279ff98be16de19482a0d0c459841f3f37e0dd0012061039f97d1d1c1295331a
annual_environment_family_calendar.csv,712550,02ba4eb6a022caa1bcdaaca3fab47b4567f02c2708dcb32dce522016777dcd58
annual_environment_family_efc.png,190462,d678075e4c7fc54421e6bacba035e92f9387d74866c1704b15b93694b0ca83fc
dataset_summary.json,2006,d8b70b6e25ae616cfc59c3a4581dfff3acbe90f9473a914c91d171f1715d2a3a
evaluate_group_conformal.py,2127,0eebf7aab5c635e5f29b6c22fd3087b773e94d7c982b3fbf654eccaaf781dec2
feature_schema.json,449,52d3448c556541c4e702c6536038e40f6838193d024253be46e51dc7d595fe8a
fit_residual_adapter.py,2781,b11b161ac979a9ca125eac25d1dba60d6344ce3d36357e8bc7a4a7b06cbb6afd
generation_config.json,595,033cd8fe8ea046a6fbdff3a2e0b4ad1d81263699b68a02d7dbc4820175f0260f
scenario_audit_manifest.csv,16051,f33aa0c9c6d46d2cd0065d5c3a437ab5a6d26cbe8b8f5d7b5d8c72aff601f71d
scenario_daily_stress_templates.csv,26055,bc2c72e69a38c19b1cb32de26ebd703365a9d2f13f68a70a7b16c99615c422b0
soh_trajectories_by_environment_family.png,258798,9de706e808ec6126d1bce6f7058724b234b2a1ae8561ba8281f253e4bff1695d
source_predictions_schema.json,228,e56a7d8b5c1d232ff9f63aa01528107397801689eca5033dbd9ae634431135c8
stk_external_data/T001_h550_i053_raan000_20260115_d72h_s30_Battery_ExternalData.csv,1231227,c033f89b99d02838071812bc5d7344c4d26ad7d5455f64c03a133ba465aa81e2
stk_external_data/T002_h550_i053_raan090_20260115_d72h_s30_Battery_ExternalData.csv,1228618,09354edf2d061ac0755e856e6b58c45e6ef6b0437b27e970023d8c7a76cfd037
stk_external_data/T003_h550_i053_raan180_20260115_d72h_s30_Battery_ExternalData.csv,1240016,85255023efef7dcb39449a7cc70c1b347db5be62ff0db7914086c0699373ac1f
stk_external_data/T004_h550_i053_raan000_20260415_d72h_s30_Battery_ExternalData.csv,1232517,a97f4c5eabf6c05292318051f2ec9d160f084d81c5ba041193634af4bc8f53fb
stk_external_data/T005_h550_i053_raan090_20260415_d72h_s30_Battery_ExternalData.csv,1241772,df8d2b939202eb2585355fb0b554002a442656841375cacecf1eab72be585fba
stk_external_data/T006_h550_i053_raan180_20260415_d72h_s30_Battery_ExternalData.csv,1234833,bd60c1508213be6a4356d1448f1eeaefb3802d35441f459fbe24063b67c98da6
stk_external_data/T007_h550_i053_raan000_20260701_d72h_s30_Battery_ExternalData.csv,1238626,5b948b85af2ca8386c730d0627566c6beb5ab6b8af19a205e2bc29df75409fb2
stk_external_data/T008_h550_i053_raan090_20260715_d72h_s30_Battery_ExternalData.csv,1240654,87676b61868df9aea782eefcbc43040fdbcbd07cd2c93c9207b84fa0c76d6a99
stk_external_data/T009_h550_i053_raan180_20260715_d72h_s30_Battery_ExternalData.csv,1233065,352620c7b46306599ce75f1e93e9f2d76d7ff8ffae88a1a1adaf654adff78e29
stk_external_data/T010_h550_i053_raan000_20261015_d72h_s30_Battery_ExternalData.csv,1236775,4a7ed95d6f2a0f6609e1633e16da3a59ecbcd85596ac1979844aff352ca26f69
stk_external_data/T011_h550_i053_raan090_20261015_d72h_s30_Battery_ExternalData.csv,1233629,6ee29b7baeb5fb1ee400178f39141365ba92c5ccf25cad4ab6786d9cd8fe9abe
stk_external_data/T012_h550_i053_raan180_20261015_d72h_s30_Battery_ExternalData.csv,1230133,fec6d45efd3a6caff3a9c5aac96eb1496415c91a9ce4578a9742da1fdae27aaf
stk_external_data/T013_h500_i070_raan000_20260115_d72h_s30_Battery_ExternalData.csv,1241760,169bcee8dfa7367462432f93dc22542be1e33360a65fe2ae66c9cec14f931d51
stk_external_data/T014_h500_i070_raan090_20260115_d72h_s30_Battery_ExternalData.csv,1231935,ee30bcb94be6dd6ddc31d7c4e1011ba1ffc98e655c1ec653f24d014b7aafdd58
stk_external_data/T015_h500_i070_raan180_20260115_d72h_s30_Battery_ExternalData.csv,1239807,9545d26b4f14fdb4e2f2469ea48e86666b33a0c5991d61892c07a7af5d1c1c32
stk_external_data/T016_h500_i070_raan000_20260415_d72h_s30_Battery_ExternalData.csv,1235244,3bfbb599e82a7987809e5f3f2af6697f7dbc865ae37961ad9cbe8647d6a52f47
stk_external_data/T017_h500_i070_raan090_20260415_d72h_s30_Battery_ExternalData.csv,1237723,a4f3fc5b1bedf97ea35839a6db9006ca31c84492a3b7fab2efffb2bd4787126c
stk_external_data/T018_h500_i070_raan180_20260415_d72h_s30_Battery_ExternalData.csv,1238068,55e413e14185314f3213f4e5cdcc2965f0279c4069a31d05eabf870a0007f243
stk_external_data/T019_h500_i070_raan000_20260715_d72h_s30_Battery_ExternalData.csv,1246314,003699305b51d0f9aa391efdb9e4686f09837deca927a51818e6dea77dcf84a9
stk_external_data/T020_h500_i070_raan090_20260715_d72h_s30_Battery_ExternalData.csv,1235852,e6fbcfb7a7356eaf87e9cd9885837f8c1faa40250673151f1093f977818bfa6c
stk_external_data/T021_h500_i070_raan180_20260715_d72h_s30_Battery_ExternalData.csv,1236038,7f4acf8d62716acfaaa934cdf0b685506928ec8614ca2d41a133da1bd0c0ed79
stk_external_data/T022_h500_i070_raan000_20261015_d72h_s30_Battery_ExternalData.csv,1233448,9129e06a5531362e7584060dacad7a6bf64df05811664fe48cd936b124f859a6
stk_external_data/T023_h500_i070_raan090_20261015_d72h_s30_Battery_ExternalData.csv,1235354,116f0d5a5d04bdbbf48a791d6d5ee9c85ddb72e980ab50873810b6ba9b34edd0
stk_external_data/T024_h500_i070_raan180_20261015_d72h_s30_Battery_ExternalData.csv,1235590,b89045e7181b4f0cc1d51135463e47f916dbf884615f7c04edb0f6dcb6a9c3d6
strict_environment_split_manifest.csv,728,58de4d0e21bf22c01c5fdadf9fa04275e536d0bdb3b4f4b405612a3880854523
trajectory_manifest.csv,59303,693b09c02b20c9d699e0e687cc782d84446f8c55a4c8798337703be97a8dace5
