battery_id,reference_index,soh_observed
BATT_NEAR_EOL,130,0.7901194525534061
BATT_NEAR_EOL,131,0.7882852194442467
BATT_NEAR_EOL,132,0.7859543861724723
BATT_NEAR_EOL,133,0.7855937584692283
BATT_NEAR_EOL,134,0.7831188697160156
BATT_NEAR_EOL,135,0.7817836097271345
BATT_NEAR_EOL,136,0.7767352578126983
BATT_NEAR_EOL,137,0.7736459351013554
BATT_NEAR_EOL,138,0.7703400642893796
BATT_NEAR_EOL,139,0.7643295270974704
BATT_NEAR_EOL,140,0.7580035938375815
BATT_NEAR_EOL,141,0.7517856713043525
BATT_NEAR_EOL,142,0.746913496563066
BATT_NEAR_EOL,143,0.7425980754428687
BATT_NEAR_EOL,144,0.7342164901134928
BATT_NEAR_EOL,145,0.7295405831775581
BATT_NEAR_EOL,146,0.7243156420256494
BATT_NEAR_EOL,147,0.719948891479802
BATT_NEAR_EOL,148,0.7164688783326543
BATT_NEAR_EOL,149,0.7148940366582641
BATT_MID_LIFE,0,0.997586789516994
BATT_MID_LIFE,1,0.9948571765892807
BATT_MID_LIFE,2,0.9954388777770296
BATT_MID_LIFE,3,0.9913366368661164
BATT_MID_LIFE,4,0.989766382036158
BATT_MID_LIFE,5,0.9896960716555
BATT_MID_LIFE,6,0.9892121816991448
BATT_MID_LIFE,7,0.9879233514456588
BATT_MID_LIFE,8,0.9865424743240708
BATT_MID_LIFE,9,0.985015912034978
BATT_MID_LIFE,10,0.983002625734814
BATT_MID_LIFE,11,0.9828491602437492
BATT_MID_LIFE,12,0.982314170473848
BATT_MID_LIFE,13,0.980474396347356
BATT_MID_LIFE,14,0.9815707005126016
BATT_MID_LIFE,15,0.9824921656189962
BATT_MID_LIFE,16,0.97833892422066
BATT_MID_LIFE,17,0.9783299058705532
BATT_MID_LIFE,18,0.977391569221804
BATT_MID_LIFE,19,0.9769923726282768
